Family_ID,Seed,V_Vertices,Triple,Distance_to_Centroid
2,"[1  1  1  1]",5,"(1.0, 1.0, 1.4)",35.5374
2,"[1  3  3  3]",6,"(1.0, 1.4, 1.7)",32.2276
2,"[1  4  4  4]",7,"(1.0, 1.7, 2.0)",30.5855
2,"[1  6  6  6]",8,"(1.0, 2.0, 2.2)",27.3346
2,"[1  8  8  8]",9,"(1.0, 2.2, 2.4)",24.1432
2,"[1  10  10  10]",9,"(1.0, 2.4, 2.6)",21.0382
2,"[1  12  12  12]",10,"(1.0, 2.6, 2.8)",18.0642
2,"[1  14  14  14]",11,"(1.0, 2.8, 3.0)",15.2980
2,"[1  16  16  16]",11,"(1.0, 3.0, 3.2)",12.8740
2,"[1  18  18  18]",12,"(1.0, 3.2, 3.3)",11.0204
2,"[1  20  20  20]",12,"(1.0, 3.3, 3.5)",10.0579
2,"[1  22  22  22]",13,"(1.0, 3.5, 3.6)",10.2408
2,"[1  25  25  25]",13,"(1.0, 3.6, 3.7)",12.4676
2,"[1  27  27  27]",14,"(1.0, 3.7, 3.9)",14.8038
2,"[1  29  29  29]",14,"(1.0, 3.9, 4.0)",17.5175
2,"[1  31  31  31]",15,"(1.0, 4.0, 4.1)",20.4591
2,"[1  34  34  34]",15,"(1.0, 4.1, 4.2)",25.1225
2,"[1  36  36  36]",15,"(1.0, 4.2, 4.4)",28.3346
5,"[1  39  39  39]",16,"(1.0, 4.4, 4.5)",27.5002
5,"[1  41  41  41]",16,"(1.0, 4.5, 4.6)",26.7109
5,"[1  43  43  43]",17,"(1.0, 4.6, 4.7)",26.3569
5,"[1  46  46  46]",17,"(1.0, 4.7, 4.8)",26.6740
5,"[1  48  48  48]",17,"(1.0, 4.8, 4.9)",27.4356
4,"[1  51  51  51]",18,"(1.0, 4.9, 5.0)",37.0298
4,"[1  53  53  53]",18,"(1.0, 5.0, 5.1)",35.1155
4,"[1  56  56  56]",18,"(1.0, 5.1, 5.2)",32.7253
4,"[1  59  59  59]",19,"(1.0, 5.2, 5.3)",31.0288
4,"[1  61  61  61]",19,"(1.0, 5.3, 5.4)",30.3428
4,"[1  64  64  64]",19,"(1.0, 5.4, 5.5)",30.0421
4,"[1  66  66  66]",20,"(1.0, 5.5, 5.6)",30.3385
4,"[1  69  69  69]",20,"(1.0, 5.6, 5.7)",31.5002
4,"[1  72  72  72]",20,"(1.0, 5.7, 5.7)",33.4381
4,"[1  74  74  74]",20,"(1.0, 5.7, 5.8)",35.0999
4,"[1  77  77  77]",21,"(1.0, 5.8, 5.9)",38.0506
1,"[1  80  80  80]",21,"(1.0, 5.9, 6.0)",30.3104
1,"[1  82  82  82]",21,"(1.0, 6.0, 6.1)",29.4166
1,"[1  85  85  85]",22,"(1.0, 6.1, 6.2)",28.8143
1,"[1  88  88  88]",22,"(1.0, 6.2, 6.2)",29.1408
1,"[1  91  91  91]",22,"(1.0, 6.2, 6.3)",30.3663
1,"[1  93  93  93]",22,"(1.0, 6.3, 6.4)",31.6343
1,"[1  96  96  96]",23,"(1.0, 6.4, 6.5)",34.1124
1,"[1  99  99  99]",23,"(1.0, 6.5, 6.6)",37.1562
2,"[2  2  2  2]",104,"(20.0, 21.0, 29.0)",33.6893
2,"[2  2  2  4]",8,"(2.0, 1.4, 2.4)",32.2592
2,"[2  2  2  6]",195,"(28.0, 45.0, 53.0)",30.8925
2,"[2  2  2  11]",315,"(36.0, 77.0, 85.0)",27.8132
2,"[2  2  2  18]",461,"(44.0, 117.0, 125.0)",24.5864
2,"[2  2  2  25]",635,"(52.0, 165.0, 173.0)",23.0957
2,"[2  2  2  32]",837,"(60.0, 221.0, 229.0)",23.6712
2,"[2  2  9  30]",1066,"(68.0, 285.0, 293.0)",19.1550
2,"[2  3  3  4]",10,"(2.0, 2.0, 2.8)",31.2996
2,"[2  4  4  6]",11,"(2.0, 2.4, 3.2)",28.9200
2,"[2  5  18  18]",1323,"(76.0, 357.0, 365.0)",16.2229
2,"[2  6  6  7]",12,"(2.0, 2.8, 3.5)",26.3483
2,"[2  8  8  8]",13,"(2.0, 3.2, 3.7)",23.8768
2,"[2  10  10  10]",14,"(2.0, 3.5, 4.0)",20.7319
2,"[2  12  12  12]",15,"(2.0, 3.7, 4.2)",17.7066
2,"[3  3  3  55]",1607,"(84.0, 437.0, 445.0)",35.5948
2,"[3  3  3  65]",1919,"(92.0, 525.0, 533.0)",43.9936
5,"[3  3  3  75]",2258,"(100.0, 621.0, 629.0)",49.7263
5,"[3  3  3  86]",2625,"(108.0, 725.0, 733.0)",53.9665
5,"[3  3  5  98]",3019,"(116.0, 837.0, 845.0)",59.4557
5,"[3  3  11  100]",3441,"(124.0, 957.0, 965.0)",57.7733
5,"[3  3  20  98]",3890,"(132.0, 1085.0, 1093.0)",52.8399
5,"[3  3  26  99]",4367,"(140.0, 1221.0, 1229.0)",51.9312
5,"[3  3  36  96]",4871,"(148.0, 1365.0, 1373.0)",48.4731
5,"[3  3  42  98]",5402,"(156.0, 1517.0, 1525.0)",50.1639
5,"[3  3  49  100]",5962,"(164.0, 1677.0, 1685.0)",52.7793
3,"[3  3  59  96]",6548,"(172.0, 1845.0, 1853.0)",32.2315
3,"[3  3  66  98]",7163,"(180.0, 2021.0, 2029.0)",26.4335
3,"[3  3  74  99]",7804,"(188.0, 2205.0, 2213.0)",20.8766
3,"[3  3  84  96]",8473,"(196.0, 2397.0, 2405.0)",17.0248
3,"[3  3  92  97]",9170,"(204.0, 2597.0, 2605.0)",17.6337
3,"[3  3  99  99]",9894,"(212.0, 2805.0, 2813.0)",20.8999
3,"[3  6  100  100]",10646,"(220.0, 3021.0, 3029.0)",19.5086
3,"[3  13  97  100]",11425,"(228.0, 3245.0, 3253.0)",13.4169
2,"[3  14  14  14]",16,"(2.0, 4.0, 4.5)",14.5066
2,"[3  16  16  17]",17,"(2.0, 4.2, 4.7)",11.0452
3,"[3  17  97  100]",12232,"(236.0, 3477.0, 3485.0)",12.2724
2,"[3  18  18  18]",18,"(2.0, 4.5, 4.9)",9.8926
2,"[3  20  20  24]",18,"(2.0, 4.7, 5.1)",6.3996
2,"[3  22  22  22]",19,"(2.0, 4.9, 5.3)",9.0158
3,"[3  24  98  98]",13066,"(244.0, 3717.0, 3725.0)",13.9503
2,"[3  25  25  29]",20,"(2.0, 5.1, 5.5)",11.6290
2,"[3  27  27  30]",20,"(2.0, 5.3, 5.7)",14.3910
2,"[3  29  29  29]",21,"(2.0, 5.5, 5.8)",16.8308
3,"[3  29  99  99]",13928,"(252.0, 3965.0, 3973.0)",17.2537
2,"[3  32  32  35]",22,"(2.0, 5.7, 6.0)",22.3915
2,"[3  34  34  36]",22,"(2.0, 5.8, 6.2)",25.3228
3,"[3  34  99  99]",14817,"(260.0, 4221.0, 4229.0)",20.6382
2,"[3  36  37  37]",23,"(2.0, 6.0, 6.3)",28.9138
3,"[3  38  100  100]",15734,"(268.0, 4485.0, 4493.0)",24.3591
5,"[3  39  39  41]",23,"(2.0, 6.2, 6.5)",24.7897
5,"[3  41  41  42]",24,"(2.0, 6.3, 6.6)",24.8147
3,"[3  43  100  100]",16678,"(276.0, 4757.0, 4765.0)",28.4888
5,"[3  44  44  47]",24,"(2.0, 6.5, 6.8)",23.3352
5,"[3  46  46  48]",25,"(2.0, 6.6, 6.9)",24.4494
5,"[3  49  49  49]",25,"(2.0, 6.8, 7.1)",26.8821
1,"[3  50  97  99]",17650,"(284.0, 5037.0, 5045.0)",35.4463
4,"[3  51  51  54]",26,"(2.0, 6.9, 7.2)",33.5345
4,"[3  54  54  55]",26,"(2.0, 7.1, 7.3)",32.1816
1,"[3  55  98  100]",18649,"(292.0, 5325.0, 5333.0)",32.6419
4,"[3  56  56  60]",27,"(2.0, 7.2, 7.5)",28.5600
4,"[3  59  59  61]",27,"(2.0, 7.3, 7.6)",28.2625
4,"[3  61  61  62]",28,"(2.0, 7.5, 7.7)",28.2363
1,"[3  62  94  100]",19676,"(300.0, 5621.0, 5629.0)",27.7274
4,"[3  64  64  68]",28,"(2.0, 7.6, 7.9)",26.6694
4,"[3  67  67  68]",29,"(2.0, 7.7, 8.0)",28.7572
1,"[3  67  98  98]",20730,"(308.0, 5925.0, 5933.0)",26.8278
4,"[3  69  69  74]",29,"(2.0, 7.9, 8.1)",28.8161
4,"[3  72  72  75]",30,"(2.0, 8.0, 8.2)",31.5827
1,"[3  72  99  99]",21812,"(316.0, 6237.0, 6245.0)",26.4346
4,"[3  75  75  76]",30,"(2.0, 8.1, 8.4)",34.6780
1,"[3  77  77  82]",30,"(2.0, 8.2, 8.5)",28.2407
1,"[3  77  99  99]",22921,"(324.0, 6557.0, 6565.0)",26.4049
1,"[3  80  80  83]",31,"(2.0, 8.4, 8.6)",27.2848
1,"[3  82  82  82]",31,"(2.0, 8.5, 8.7)",27.7323
1,"[3  82  100  100]",24058,"(332.0, 6885.0, 6893.0)",27.9334
1,"[3  85  85  90]",32,"(2.0, 8.6, 8.8)",25.7683
1,"[3  87  100  100]",25222,"(340.0, 7221.0, 7229.0)",29.6430
1,"[3  88  88  91]",32,"(2.0, 8.7, 8.9)",26.8874
1,"[3  91  91  97]",32,"(2.0, 8.8, 9.1)",28.6331
1,"[3  94  94  98]",33,"(2.0, 8.9, 9.2)",31.0609
1,"[3  94  97  98]",26414,"(348.0, 7565.0, 7573.0)",31.8535
1,"[3  96  96  96]",33,"(2.0, 9.1, 9.3)",32.6711
1,"[3  99  99  99]",27633,"(356.0, 7917.0, 7925.0)",35.8375
2,"[4  4  4  7]",63,"(8.0, 15.0, 17.0)",27.8680
2,"[4  4  4  9]",15,"(3.0, 3.0, 4.2)",26.5013
2,"[4  4  4  12]",13,"(3.0, 2.4, 3.9)",24.6141
2,"[4  4  4  16]",660,"(78.0, 160.0, 178.0)",22.4774
2,"[4  4  4  19]",96,"(10.0, 24.0, 26.0)",21.2313
2,"[4  4  4  26]",979,"(96.0, 247.0, 265.0)",19.8416
2,"[4  4  4  30]",136,"(12.0, 35.0, 37.0)",20.1263
2,"[4  4  4  38]",1361,"(114.0, 352.0, 370.0)",22.8874
2,"[4  4  4  43]",183,"(14.0, 48.0, 50.0)",25.7499
2,"[4  4  4  52]",1804,"(132.0, 475.0, 493.0)",32.2439
2,"[4  4  4  56]",237,"(16.0, 63.0, 65.0)",35.4831
5,"[4  4  4  77]",297,"(18.0, 80.0, 82.0)",48.8000
5,"[4  4  4  93]",365,"(20.0, 99.0, 101.0)",56.2582
5,"[4  4  8  100]",440,"(22.0, 120.0, 122.0)",58.4694
5,"[4  4  20  98]",521,"(24.0, 143.0, 145.0)",52.0228
5,"[4  4  33  96]",609,"(26.0, 168.0, 170.0)",47.7552
5,"[4  4  43  99]",704,"(28.0, 195.0, 197.0)",50.1716
3,"[4  4  56  96]",806,"(30.0, 224.0, 226.0)",34.2318
3,"[4  4  67  98]",915,"(32.0, 255.0, 257.0)",24.8562
3,"[4  4  74  100]",8580,"(294.0, 2392.0, 2410.0)",19.9421
3,"[4  4  81  95]",1031,"(34.0, 288.0, 290.0)",16.6734
3,"[4  4  88  97]",9642,"(312.0, 2695.0, 2713.0)",15.5518
3,"[4  4  92  97]",1153,"(36.0, 323.0, 325.0)",16.4321
3,"[4  4  100  100]",10766,"(330.0, 3016.0, 3034.0)",20.6083
2,"[4  6  6  6]",16,"(3.0, 3.5, 4.6)",26.7358
3,"[4  6  100  100]",1283,"(38.0, 360.0, 362.0)",19.2354
2,"[4  8  8  8]",17,"(3.0, 3.9, 4.9)",23.4630
2,"[4  10  10  14]",19,"(3.0, 4.2, 5.2)",17.1349
2,"[4  12  12  18]",20,"(3.0, 4.6, 5.5)",12.4502
3,"[4  13  97  100]",11952,"(348.0, 3355.0, 3373.0)",13.0165
2,"[4  14  14  14]",21,"(3.0, 4.9, 5.7)",14.2002
3,"[4  15  97  100]",1419,"(40.0, 399.0, 401.0)",12.2771
2,"[4  16  16  19]",22,"(3.0, 5.2, 6.0)",8.8822
2,"[4  18  18  23]",23,"(3.0, 5.5, 6.2)",5.3194
2,"[4  21  21  28]",24,"(3.0, 5.7, 6.5)",6.2091
3,"[4  22  98  98]",13200,"(366.0, 3712.0, 3730.0)",12.9123
2,"[4  23  23  23]",24,"(3.0, 6.0, 6.7)",9.1295
3,"[4  24  98  98]",1563,"(42.0, 440.0, 442.0)",13.5656
2,"[4  25  25  29]",25,"(3.0, 6.2, 6.9)",11.2446
2,"[4  27  27  34]",26,"(3.0, 6.5, 7.1)",15.5463
2,"[4  29  29  30]",27,"(3.0, 6.7, 7.3)",16.7430
3,"[4  29  99  99]",14510,"(384.0, 4087.0, 4105.0)",16.9442
3,"[4  31  99  99]",1713,"(44.0, 483.0, 485.0)",18.2319
2,"[4  32  32  35]",27,"(3.0, 6.9, 7.5)",22.1942
2,"[4  34  34  40]",28,"(3.0, 7.1, 7.7)",26.9041
2,"[4  36  36  36]",29,"(3.0, 7.3, 7.9)",27.7574
3,"[4  36  100  100]",15882,"(402.0, 4480.0, 4498.0)",22.5717
3,"[4  38  100  100]",1870,"(46.0, 528.0, 530.0)",24.1408
5,"[4  39  39  41]",30,"(3.0, 7.5, 8.1)",24.2424
5,"[4  42  42  47]",30,"(3.0, 7.7, 8.3)",21.3172
3,"[4  43  100  100]",17315,"(420.0, 4891.0, 4909.0)",28.3024
5,"[4  44  44  44]",31,"(3.0, 7.9, 8.5)",24.6532
5,"[4  46  46  48]",31,"(3.0, 8.1, 8.7)",23.8942
1,"[4  48  97  99]",2033,"(48.0, 575.0, 577.0)",36.2482
4,"[4  49  49  54]",32,"(3.0, 8.3, 8.8)",33.6159
4,"[4  51  51  51]",33,"(3.0, 8.5, 9.0)",35.2286
1,"[4  53  97  100]",18811,"(438.0, 5320.0, 5338.0)",32.8994
4,"[4  54  54  55]",33,"(3.0, 8.7, 9.2)",31.5321
1,"[4  55  98  100]",2204,"(50.0, 624.0, 626.0)",31.9431
4,"[4  56  57  61]",34,"(3.0, 8.8, 9.3)",27.0911
4,"[4  59  59  59]",34,"(3.0, 9.0, 9.5)",28.8555
4,"[4  61  61  62]",35,"(3.0, 9.2, 9.6)",27.4938
1,"[4  62  94  100]",20368,"(456.0, 5767.0, 5785.0)",26.9013
4,"[4  64  64  73]",36,"(3.0, 9.3, 9.8)",24.2228
1,"[4  65  98  98]",2382,"(52.0, 675.0, 677.0)",26.6313
4,"[4  67  67  67]",36,"(3.0, 9.5, 9.9)",28.4292
4,"[4  69  69  75]",37,"(3.0, 9.6, 10.1)",27.9349
1,"[4  70  99  99]",21987,"(474.0, 6232.0, 6250.0)",25.8512
1,"[4  72  72  81]",37,"(3.0, 9.8, 10.2)",30.1142
1,"[4  72  99  99]",2566,"(54.0, 728.0, 730.0)",25.5667
4,"[4  74  74  74]",38,"(3.0, 9.9, 10.4)",33.1942
1,"[4  77  77  82]",38,"(3.0, 10.1, 10.5)",27.4301
1,"[4  77  100  100]",23668,"(492.0, 6715.0, 6733.0)",26.2052
1,"[4  79  100  100]",2758,"(56.0, 783.0, 785.0)",26.4591
1,"[4  80  80  89]",39,"(3.0, 10.2, 10.7)",24.4404
1,"[4  83  83  83]",39,"(3.0, 10.4, 10.8)",26.5755
1,"[4  84  100  100]",25411,"(510.0, 7216.0, 7234.0)",27.7221
1,"[4  86  86  90]",40,"(3.0, 10.5, 11.0)",25.2425
1,"[4  87  100  100]",2956,"(58.0, 840.0, 842.0)",28.8717
1,"[4  88  92  92]",40,"(3.0, 10.7, 11.1)",26.3494
1,"[4  91  91  91]",41,"(3.0, 10.8, 11.2)",27.9415
1,"[4  94  94  98]",41,"(3.0, 11.0, 11.4)",30.3258
1,"[4  94  97  99]",27216,"(528.0, 7735.0, 7753.0)",31.2653
1,"[4  96  96  96]",42,"(3.0, 11.1, 11.5)",31.9729
1,"[4  97  97  99]",3161,"(60.0, 899.0, 901.0)",33.2051
1,"[4  99  99  99]",42,"(3.0, 11.2, 11.6)",35.2022
2,"[5  5  5  5]",18,"(4.0, 3.5, 5.3)",28.2693
2,"[5  5  5  6]",36,"(6.0, 8.0, 10.0)",27.5136
2,"[5  5  5  10]",681,"(104.0, 153.0, 185.0)",24.6653
2,"[5  5  5  23]",1131,"(136.0, 273.0, 305.0)",18.6110
2,"[5  5  5  39]",1690,"(168.0, 425.0, 457.0)",22.0883
2,"[5  5  5  57]",2359,"(200.0, 609.0, 641.0)",35.4839
5,"[5  5  5  78]",3138,"(232.0, 825.0, 857.0)",47.6258
5,"[5  5  5  81]",16,"(4.0, 2.8, 4.9)",48.8070
5,"[5  5  22  77]",4027,"(264.0, 1073.0, 1105.0)",37.7657
2,"[5  6  6  13]",20,"(4.0, 4.0, 5.7)",21.6547
2,"[5  8  8  8]",21,"(4.0, 4.5, 6.0)",23.3178
2,"[5  10  10  18]",23,"(4.0, 4.9, 6.3)",14.2194
5,"[5  10  46  48]",5027,"(296.0, 1353.0, 1385.0)",30.0036
2,"[5  12  12  12]",24,"(4.0, 5.3, 6.6)",16.9452
2,"[5  14  14  19]",25,"(4.0, 5.7, 6.9)",9.6994
2,"[5  16  16  16]",26,"(4.0, 6.0, 7.2)",11.2501
2,"[5  18  18  24]",27,"(4.0, 6.3, 7.5)",3.9176
2,"[5  21  21  33]",28,"(4.0, 6.6, 7.7)",8.4253
2,"[5  23  23  25]",29,"(4.0, 6.9, 8.0)",8.1390
2,"[5  25  25  38]",30,"(4.0, 7.2, 8.2)",15.6286
2,"[5  27  27  30]",31,"(4.0, 7.5, 8.5)",13.8388
2,"[5  29  29  29]",32,"(4.0, 7.7, 8.7)",16.3612
2,"[5  30  34  40]",6136,"(328.0, 1665.0, 1697.0)",24.5068
2,"[5  32  32  35]",33,"(4.0, 8.0, 8.9)",22.0407
2,"[6  6  6  7]",23,"(5.0, 4.5, 6.7)",25.7499
3,"[6  6  53  96]",7355,"(360.0, 2009.0, 2041.0)",35.9699
3,"[6  6  67  99]",8684,"(392.0, 2385.0, 2417.0)",23.4255
3,"[6  6  85  97]",10124,"(424.0, 2793.0, 2825.0)",13.1100
3,"[6  6  100  100]",11673,"(456.0, 3233.0, 3265.0)",18.8370
2,"[6  8  8  21]",25,"(5.0, 5.0, 7.1)",14.9971
2,"[6  10  10  14]",26,"(5.0, 5.5, 7.4)",16.7934
3,"[6  20  98  98]",13332,"(488.0, 3705.0, 3737.0)",11.9273
3,"[6  29  99  99]",15101,"(520.0, 4209.0, 4241.0)",16.4905
5,"[6  35  35  46]",33,"(4.0, 8.2, 9.2)",18.4211
2,"[6  37  37  37]",34,"(4.0, 8.5, 9.4)",29.2188
3,"[6  38  100  100]",16981,"(552.0, 4745.0, 4777.0)",23.8246
5,"[6  39  39  51]",35,"(4.0, 8.7, 9.6)",15.8029
5,"[6  41  41  42]",36,"(4.0, 8.9, 9.8)",23.2650
5,"[6  44  44  58]",37,"(4.0, 9.2, 10.0)",17.1378
5,"[6  46  46  48]",37,"(4.0, 9.4, 10.2)",22.8749
4,"[6  49  49  64]",38,"(4.0, 9.6, 10.4)",25.6321
1,"[6  50  97  100]",18970,"(584.0, 5313.0, 5345.0)",33.7202
4,"[6  51  51  54]",39,"(4.0, 9.8, 10.6)",31.7240
4,"[6  54  54  66]",39,"(4.0, 10.0, 10.8)",22.6853
4,"[6  56  57  57]",40,"(4.0, 10.2, 11.0)",28.5599
4,"[6  59  62  67]",41,"(4.0, 10.4, 11.1)",22.7079
4,"[6  62  62  62]",41,"(4.0, 10.6, 11.3)",26.4899
1,"[6  62  98  98]",21069,"(616.0, 5913.0, 5945.0)",26.3042
1,"[6  65  65  80]",42,"(4.0, 10.8, 11.5)",34.6186
4,"[6  67  67  69]",43,"(4.0, 11.0, 11.7)",26.2336
1,"[6  70  70  87]",43,"(4.0, 11.1, 11.8)",27.8566
4,"[6  72  72  76]",44,"(4.0, 11.3, 12.0)",29.5413
1,"[6  72  99  99]",23278,"(648.0, 6545.0, 6577.0)",23.8621
1,"[6  75  76  88]",44,"(4.0, 11.5, 12.2)",23.8779
1,"[6  77  79  79]",45,"(4.0, 11.7, 12.3)",26.7468
1,"[6  81  81  95]",46,"(4.0, 11.8, 12.5)",21.9404
1,"[6  82  100  100]",25598,"(680.0, 7209.0, 7241.0)",25.5125
1,"[6  83  83  84]",46,"(4.0, 12.0, 12.6)",24.4949
1,"[6  86  89  97]",47,"(4.0, 12.2, 12.8)",23.2549
1,"[6  88  88  91]",47,"(4.0, 12.3, 13.0)",24.3627
1,"[6  91  91  91]",48,"(4.0, 12.5, 13.1)",26.3907
1,"[6  94  94  98]",48,"(4.0, 12.6, 13.3)",28.9032
1,"[6  94  97  99]",28027,"(712.0, 7905.0, 7937.0)",29.8874
1,"[6  96  96  96]",49,"(4.0, 12.8, 13.4)",30.6269
5,"[7  7  7  80]",21,"(5.0, 3.9, 6.3)",45.4505
5,"[7  7  33  98]",6220,"(410.0, 1656.0, 1706.0)",46.8346
3,"[7  7  53  97]",7772,"(460.0, 2091.0, 2141.0)",35.5203
3,"[7  7  71  100]",9497,"(510.0, 2576.0, 2626.0)",19.5644
3,"[7  7  93  99]",11393,"(560.0, 3111.0, 3161.0)",13.5215
2,"[7  12  14  23]",28,"(5.0, 5.9, 7.7)",7.7231
2,"[7  14  14  19]",29,"(5.0, 6.3, 8.1)",9.3001
2,"[7  16  16  16]",30,"(5.0, 6.7, 8.4)",10.9076
3,"[7  17  94  100]",13463,"(610.0, 3696.0, 3746.0)",8.1337
2,"[7  19  19  28]",31,"(5.0, 7.1, 8.7)",2.4802
2,"[7  20  20  20]",32,"(5.0, 7.4, 8.9)",7.3756
2,"[7  23  23  38]",34,"(5.0, 7.7, 9.2)",13.6619
2,"[7  25  25  30]",35,"(5.0, 8.1, 9.5)",10.8584
2,"[7  28  28  44]",36,"(5.0, 8.4, 9.7)",22.6885
3,"[7  29  99  99]",15703,"(660.0, 4331.0, 4381.0)",16.3509
2,"[7  30  30  40]",37,"(5.0, 8.7, 10.0)",21.9410
2,"[7  32  32  32]",37,"(5.0, 8.9, 10.2)",20.8966
5,"[7  35  35  46]",38,"(5.0, 9.2, 10.5)",17.8466
2,"[7  37  37  41]",39,"(5.0, 9.5, 10.7)",30.8274
5,"[7  40  40  57]",40,"(5.0, 9.7, 11.0)",12.9753
3,"[7  41  100  100]",18115,"(710.0, 5016.0, 5066.0)",26.2293
5,"[7  42  42  47]",41,"(5.0, 10.0, 11.2)",19.6447
5,"[7  44  44  44]",42,"(5.0, 10.2, 11.4)",23.2222
5,"[7  47  47  59]",43,"(5.0, 10.5, 11.6)",19.8429
5,"[7  49  49  49]",43,"(5.0, 10.7, 11.8)",25.0460
4,"[7  52  52  71]",44,"(5.0, 11.0, 12.0)",19.9740
4,"[7  54  54  60]",45,"(5.0, 11.2, 12.2)",25.8650
1,"[7  55  98  100]",20699,"(760.0, 5751.0, 5801.0)",29.9495
4,"[7  56  56  56]",46,"(5.0, 11.4, 12.4)",28.7862
4,"[7  59  62  67]",46,"(5.0, 11.6, 12.6)",21.9150
4,"[7  62  62  62]",47,"(5.0, 11.8, 12.8)",25.8135
1,"[7  65  65  86]",48,"(5.0, 12.0, 13.0)",31.9581
4,"[7  67  67  74]",48,"(5.0, 12.2, 13.2)",24.0768
4,"[7  69  69  69]",49,"(5.0, 12.4, 13.4)",27.3856
1,"[7  70  99  99]",23455,"(810.0, 6536.0, 6586.0)",23.3430
1,"[7  73  73  88]",50,"(5.0, 12.6, 13.6)",24.6938
4,"[7  75  75  76]",50,"(5.0, 12.8, 13.8)",32.3887
1,"[7  78  80  95]",51,"(5.0, 13.0, 14.0)",20.6536
1,"[7  80  83  84]",52,"(5.0, 13.2, 14.1)",22.7994
1,"[7  82  100  100]",26383,"(860.0, 7371.0, 7421.0)",24.7337
1,"[7  83  83  83]",52,"(5.0, 13.4, 14.3)",24.1427
1,"[7  86  89  97]",53,"(5.0, 13.6, 14.5)",22.3978
1,"[7  88  88  91]",54,"(5.0, 13.8, 14.7)",23.5460
1,"[7  91  91  91]",54,"(5.0, 14.0, 14.8)",25.6386
1,"[7  94  97  99]",55,"(5.0, 14.1, 15.0)",29.2255
1,"[7  97  97  97]",55,"(5.0, 14.3, 15.2)",31.0675
1,"[7  97  98  99]",29482,"(910.0, 8256.0, 8306.0)",31.6198
2,"[8  8  8  8]",28,"(6.0, 5.5, 8.1)",23.1373
2,"[8  8  8  11]",1462,"(228.0, 325.0, 397.0)",20.8056
2,"[8  8  8  37]",26,"(6.0, 4.9, 7.7)",17.2873
2,"[8  8  8  41]",1729,"(210.0, 416.0, 466.0)",19.9558
2,"[8  8  8  70]",2594,"(260.0, 651.0, 701.0)",45.5604
5,"[8  8  11  98]",3631,"(310.0, 936.0, 986.0)",52.8720
5,"[8  8  48  74]",4840,"(360.0, 1271.0, 1321.0)",31.5843
2,"[8  10  16  16]",30,"(6.0, 6.0, 8.5)",13.0959
2,"[8  12  12  19]",31,"(6.0, 6.5, 8.8)",11.1210
2,"[8  14  14  14]",33,"(6.0, 6.9, 9.2)",13.6554
2,"[8  17  17  32]",34,"(6.0, 7.3, 9.5)",5.5424
2,"[8  18  20  20]",35,"(6.0, 7.7, 9.8)",6.8832
2,"[8  21  22  42]",37,"(6.0, 8.1, 10.1)",16.3129
2,"[8  23  23  38]",38,"(6.0, 8.5, 10.4)",13.6328
2,"[8  25  25  30]",39,"(6.0, 8.8, 10.7)",10.8217
2,"[8  28  28  49]",40,"(6.0, 9.2, 11.0)",26.7059
2,"[8  30  30  45]",41,"(6.0, 9.5, 11.2)",25.2951
5,"[8  31  48  52]",8886,"(588.0, 2365.0, 2437.0)",16.4610
2,"[8  32  32  36]",42,"(6.0, 9.8, 11.5)",22.2543
5,"[8  35  35  61]",43,"(6.0, 10.1, 11.7)",9.4463
5,"[8  37  37  51]",44,"(6.0, 10.4, 12.0)",13.6671
5,"[8  39  39  42]",45,"(6.0, 10.7, 12.2)",21.5016
2,"[9  9  9  14]",32,"(7.0, 5.9, 9.2)",17.6812
2,"[9  9  9  18]",1959,"(308.0, 435.0, 533.0)",15.0999
2,"[9  9  9  22]",402,"(60.0, 91.0, 109.0)",13.2434
2,"[9  9  15  39]",2452,"(300.0, 589.0, 661.0)",15.3669
3,"[9  9  82  97]",11114,"(660.0, 2989.0, 3061.0)",10.7214
2,"[9  10  10  11]",33,"(7.0, 6.5, 9.5)",19.0814
2,"[9  13  13  31]",35,"(7.0, 7.0, 9.9)",8.1264
2,"[9  14  17  20]",36,"(7.0, 7.5, 10.2)",7.5789
3,"[9  15  94  100]",13590,"(732.0, 3685.0, 3757.0)",8.5842
2,"[9  16  16  20]",38,"(7.0, 7.9, 10.6)",7.1253
3,"[9  29  99  99]",16312,"(804.0, 4453.0, 4525.0)",16.2537
5,"[9  41  41  41]",46,"(6.0, 11.0, 12.5)",22.8644
5,"[9  44  46  53]",47,"(6.0, 11.2, 12.7)",17.8404
5,"[9  46  46  48]",48,"(6.0, 11.5, 13.0)",21.6044
1,"[9  46  97  99]",19282,"(876.0, 5293.0, 5365.0)",35.0559
4,"[9  50  50  76]",48,"(6.0, 11.7, 13.2)",17.8862
4,"[9  52  52  66]",49,"(6.0, 12.0, 13.4)",20.9123
4,"[9  54  54  55]",50,"(6.0, 12.2, 13.6)",28.5895
4,"[9  57  66  68]",51,"(6.0, 12.5, 13.9)",20.4766
4,"[9  60  60  73]",52,"(6.0, 12.7, 14.1)",17.6503
4,"[9  62  62  62]",52,"(6.0, 13.0, 14.3)",24.5269
1,"[9  62  99  99]",22500,"(948.0, 6205.0, 6277.0)",24.7213
1,"[9  65  68  86]",53,"(6.0, 13.2, 14.5)",28.7215
4,"[9  67  71  75]",54,"(6.0, 13.4, 14.7)",24.3176
4,"[9  70  70  70]",55,"(6.0, 13.6, 14.9)",26.8543
1,"[9  73  76  94]",55,"(6.0, 13.9, 15.1)",20.4791
1,"[9  75  79  83]",56,"(6.0, 14.1, 15.3)",22.1502
1,"[9  77  100  100]",25964,"(1020.0, 7189.0, 7261.0)",22.1600
1,"[9  78  78  83]",57,"(6.0, 14.3, 15.5)",22.7831
1,"[9  81  88  97]",58,"(6.0, 14.5, 15.7)",18.3942
1,"[9  84  85  97]",58,"(6.0, 14.7, 15.9)",19.7368
1,"[9  86  86  91]",59,"(6.0, 14.9, 16.1)",20.8216
1,"[9  92  97  99]",60,"(6.0, 15.3, 16.4)",26.6176
1,"[9  94  94  99]",61,"(6.0, 15.5, 16.6)",27.0556
1,"[9  94  97  99]",29678,"(1092.0, 8245.0, 8317.0)",27.9619
1,"[9  97  97  97]",62,"(6.0, 15.7, 16.8)",29.8819
5,"[10  10  10  88]",3688,"(372.0, 925.0, 997.0)",45.5183
5,"[10  10  27  98]",5174,"(444.0, 1333.0, 1405.0)",45.6469
3,"[10  10  54  98]",6906,"(516.0, 1813.0, 1885.0)",33.6410
3,"[10  10  82  98]",30,"(7.0, 5.3, 8.8)",9.8390
3,"[10  10  86  98]",12027,"(798.0, 3200.0, 3298.0)",8.7728
3,"[10  10  90  99]",2310,"(150.0, 616.0, 634.0)",9.4821
2,"[10  19  19  42]",39,"(7.0, 8.4, 10.9)",15.6718
3,"[10  20  98  98]",15052,"(896.0, 4047.0, 4145.0)",11.6586
2,"[10  21  21  33]",40,"(7.0, 8.8, 11.2)",8.1864
3,"[10  22  99  99]",2877,"(168.0, 775.0, 793.0)",13.0404
2,"[10  23  23  29]",42,"(7.0, 9.2, 11.5)",8.1029
2,"[10  25  25  25]",43,"(7.0, 9.5, 11.8)",10.5970
2,"[10  28  28  44]",44,"(7.0, 9.9, 12.1)",22.7681
2,"[10  30  30  40]",45,"(7.0, 10.2, 12.4)",22.0233
2,"[10  32  32  32]",46,"(7.0, 10.6, 12.7)",20.9830
5,"[10  35  35  61]",47,"(7.0, 10.9, 13.0)",7.5868
3,"[10  36  100  100]",18412,"(994.0, 4992.0, 5090.0)",22.0901
5,"[10  37  37  51]",48,"(7.0, 11.2, 13.2)",12.4546
5,"[10  39  39  42]",49,"(7.0, 11.5, 13.5)",20.7520
5,"[10  41  41  41]",50,"(7.0, 11.8, 13.7)",22.5376
3,"[10  41  97  99]",3506,"(186.0, 952.0, 970.0)",24.7247
5,"[10  45  45  64]",51,"(7.0, 12.1, 14.0)",16.3040
5,"[10  47  47  54]",52,"(7.0, 12.4, 14.2)",19.5800
5,"[10  49  49  49]",53,"(7.0, 12.7, 14.5)",24.0165
4,"[10  52  58  66]",54,"(7.0, 13.0, 14.7)",19.1705
4,"[10  55  55  66]",55,"(7.0, 13.2, 15.0)",19.4850
4,"[10  57  57  61]",56,"(7.0, 13.5, 15.2)",23.1072
1,"[10  58  98  98]",22109,"(1092.0, 6035.0, 6133.0)",25.7807
1,"[10  60  67  80]",57,"(7.0, 13.7, 15.4)",33.0264
1,"[10  60  98  98]",4197,"(204.0, 1147.0, 1165.0)",24.5361
4,"[10  62  66  74]",58,"(7.0, 14.0, 15.7)",18.9134
4,"[10  65  65  74]",58,"(7.0, 14.2, 15.9)",20.1096
4,"[10  67  67  67]",59,"(7.0, 14.5, 16.1)",24.5342
1,"[10  71  71  99]",60,"(7.0, 14.7, 16.3)",23.5325
1,"[10  73  73  88]",61,"(7.0, 15.0, 16.5)",22.4588
4,"[10  75  75  77]",62,"(7.0, 15.2, 16.7)",30.8262
1,"[10  75  100  100]",26145,"(1190.0, 7176.0, 7274.0)",21.2735
1,"[10  77  100  100]",4950,"(222.0, 1360.0, 1378.0)",21.3994
1,"[10  79  88  96]",62,"(7.0, 15.4, 16.9)",16.7286
1,"[10  81  85  96]",63,"(7.0, 15.7, 17.1)",17.4744
1,"[10  83  84  90]",64,"(7.0, 15.9, 17.3)",18.9236
1,"[10  86  86  86]",65,"(7.0, 16.1, 17.5)",21.4571
2,"[11  11  11  15]",37,"(8.0, 6.9, 10.6)",15.3266
2,"[11  11  11  23]",2534,"(400.0, 561.0, 689.0)",10.6615
2,"[11  11  11  57]",4274,"(528.0, 1025.0, 1153.0)",32.0376
5,"[11  11  11  100]",35,"(8.0, 6.3, 10.2)",52.5772
5,"[11  11  17  96]",6458,"(656.0, 1617.0, 1745.0)",46.7473
5,"[11  11  65  67]",9077,"(784.0, 2337.0, 2465.0)",36.4247
2,"[11  12  12  12]",38,"(8.0, 7.5, 11.0)",16.9817
2,"[11  15  15  36]",40,"(8.0, 8.0, 11.3)",10.6629
2,"[11  17  17  32]",41,"(8.0, 8.5, 11.7)",6.3511
2,"[11  19  19  24]",43,"(8.0, 8.9, 12.0)",4.4266
5,"[11  22  22  52]",44,"(8.0, 9.4, 12.3)",21.4414
5,"[11  24  24  48]",46,"(8.0, 9.8, 12.6)",21.1451
2,"[11  26  26  39]",47,"(8.0, 10.2, 13.0)",17.3305
2,"[11  27  27  30]",48,"(8.0, 10.6, 13.3)",13.8834
2,"[11  30  30  30]",49,"(8.0, 11.0, 13.6)",17.9382
5,"[11  33  33  56]",50,"(8.0, 11.3, 13.9)",8.5789
5,"[11  35  35  46]",52,"(8.0, 11.7, 14.1)",15.9736
5,"[11  37  37  42]",53,"(8.0, 12.0, 14.4)",19.8630
5,"[11  44  49  49]",56,"(8.0, 13.0, 15.2)",20.6915
5,"[11  47  47  49]",57,"(8.0, 13.3, 15.5)",21.4636
1,"[11  92  97  99]",66,"(7.0, 16.5, 17.9)",25.3819
1,"[11  94  94  99]",67,"(7.0, 16.7, 18.1)",25.8408
1,"[11  94  98  99]",30517,"(1288.0, 8415.0, 8513.0)",27.1705
1,"[11  97  97  97]",67,"(7.0, 16.9, 18.3)",28.7867
1,"[11  97  98  100]",5765,"(240.0, 1591.0, 1609.0)",29.5515
2,"[12  12  12  19]",42,"(9.0, 7.9, 12.0)",11.8533
2,"[12  12  12  23]",40,"(9.0, 7.3, 11.6)",9.7920
3,"[12  12  79  98]",12140,"(912.0, 3185.0, 3313.0)",10.5271
2,"[12  13  30  38]",5378,"(666.0, 1288.0, 1450.0)",17.6017
2,"[12  14  14  14]",43,"(9.0, 8.5, 12.4)",14.2582
5,"[12  17  17  46]",45,"(9.0, 9.0, 12.7)",29.9816
2,"[12  19  19  37]",47,"(9.0, 9.5, 13.1)",11.3486
3,"[12  20  99  99]",15641,"(1040.0, 4161.0, 4289.0)",13.0225
2,"[12  21  21  29]",48,"(9.0, 9.9, 13.4)",6.6369
2,"[12  23  23  25]",49,"(9.0, 10.4, 13.7)",8.6422
5,"[12  40  53  54]",54,"(8.0, 12.3, 14.7)",19.0889
3,"[12  41  97  99]",19583,"(1168.0, 5265.0, 5393.0)",24.9027
5,"[12  43  43  64]",55,"(8.0, 12.6, 15.0)",13.0720
4,"[12  50  58  72]",58,"(8.0, 13.6, 15.7)",14.3653
4,"[12  52  61  62]",59,"(8.0, 13.9, 16.0)",20.9769
4,"[12  55  55  67]",60,"(8.0, 14.1, 16.2)",17.3860
4,"[12  57  57  62]",61,"(8.0, 14.4, 16.5)",21.1318
1,"[12  61  61  97]",62,"(8.0, 14.7, 16.7)",32.8091
1,"[12  63  63  92]",62,"(8.0, 15.0, 17.0)",30.4147
1,"[12  63  99  99]",23966,"(1296.0, 6497.0, 6625.0)",22.2136
1,"[12  65  65  80]",63,"(8.0, 15.2, 17.2)",31.5226
4,"[12  67  67  69]",64,"(8.0, 15.5, 17.4)",22.4924
1,"[12  71  77  100]",65,"(8.0, 15.7, 17.7)",18.5810
1,"[12  73  80  89]",66,"(8.0, 16.0, 17.9)",16.8075
1,"[12  76  76  89]",67,"(8.0, 16.2, 18.1)",18.8432
1,"[12  78  78  83]",67,"(8.0, 16.5, 18.3)",20.6320
1,"[12  82  97  98]",68,"(8.0, 16.7, 18.5)",18.9801
1,"[12  84  93  98]",69,"(8.0, 17.0, 18.8)",18.1970
1,"[12  84  97  98]",28787,"(1424.0, 7857.0, 7985.0)",19.8398
1,"[12  86  93  93]",70,"(8.0, 17.2, 19.0)",19.0395
1,"[12  89  89  92]",71,"(8.0, 17.4, 19.2)",20.3242
1,"[12  91  91  91]",71,"(8.0, 17.7, 19.4)",22.1741
5,"[13  13  27  99]",8129,"(828.0, 2035.0, 2197.0)",44.7056
3,"[13  13  65  96]",11440,"(990.0, 2944.0, 3106.0)",22.7102
3,"[13  15  98  98]",15307,"(1152.0, 4015.0, 4177.0)",12.8032
2,"[13  16  16  16]",48,"(10.0, 9.5, 13.8)",12.0089
5,"[13  26  26  59]",51,"(9.0, 10.8, 14.1)",13.8707
2,"[13  28  29  50]",52,"(9.0, 11.2, 14.4)",28.3897
2,"[13  30  30  45]",53,"(9.0, 11.6, 14.7)",25.8045
2,"[13  32  32  36]",55,"(9.0, 12.0, 15.0)",22.8317
5,"[13  36  36  78]",56,"(9.0, 12.4, 15.3)",18.2262
5,"[13  38  38  68]",57,"(9.0, 12.7, 15.6)",9.8869
3,"[13  39  97  99]",19731,"(1314.0, 5248.0, 5410.0)",23.2865
5,"[13  40  40  58]",58,"(9.0, 13.1, 15.9)",8.9056
5,"[13  42  42  48]",59,"(9.0, 13.4, 16.2)",16.6393
5,"[13  44  44  44]",60,"(9.0, 13.7, 16.4)",21.3601
4,"[13  48  48  82]",61,"(9.0, 14.1, 16.7)",16.4767
4,"[13  50  50  77]",62,"(9.0, 14.4, 17.0)",14.4831
4,"[13  52  52  66]",63,"(9.0, 14.7, 17.2)",18.2153
4,"[13  54  54  56]",64,"(9.0, 15.0, 17.5)",25.7916
1,"[13  58  67  86]",65,"(9.0, 15.3, 17.7)",30.4628
4,"[13  60  70  75]",66,"(9.0, 15.6, 18.0)",17.8707
1,"[13  63  63  86]",67,"(9.0, 15.9, 18.2)",31.0471
4,"[13  65  65  75]",68,"(9.0, 16.2, 18.5)",17.8780
1,"[13  65  95  96]",24712,"(1476.0, 6643.0, 6805.0)",18.0886
4,"[13  67  67  67]",69,"(9.0, 16.4, 18.7)",22.9299
1,"[13  71  80  95]",70,"(9.0, 16.7, 19.0)",15.3620
1,"[13  73  83  83]",71,"(9.0, 17.0, 19.2)",17.9786
1,"[13  76  76  89]",72,"(9.0, 17.2, 19.4)",18.1090
1,"[13  78  78  83]",72,"(9.0, 17.5, 19.7)",19.9638
2,"[14  14  14  28]",45,"(10.0, 8.4, 13.0)",8.2185
2,"[14  14  14  32]",3180,"(504.0, 703.0, 865.0)",9.7429
5,"[14  14  14  80]",6602,"(820.0, 1581.0, 1781.0)",35.8795
5,"[14  14  40  97]",43,"(10.0, 7.7, 12.6)",41.2928
3,"[14  14  53  83]",9994,"(1020.0, 2501.0, 2701.0)",37.3905
2,"[14  15  15  20]",47,"(10.0, 8.9, 13.4)",9.7873
5,"[14  20  20  52]",50,"(10.0, 10.0, 14.1)",23.3657
2,"[14  21  30  30]",52,"(10.0, 10.5, 14.5)",14.2961
2,"[14  23  24  34]",53,"(10.0, 11.0, 14.8)",12.5938
2,"[14  25  25  30]",54,"(10.0, 11.4, 15.2)",12.4237
5,"[14  29  29  76]",56,"(10.0, 11.8, 15.5)",18.2201
5,"[14  31  31  66]",57,"(10.0, 12.2, 15.8)",9.0294
5,"[14  33  33  56]",58,"(10.0, 12.6, 16.1)",6.8621
5,"[14  35  35  47]",60,"(10.0, 13.0, 16.4)",14.1639
5,"[14  37  37  42]",61,"(10.0, 13.4, 16.7)",19.1841
5,"[14  49  50  50]",67,"(10.0, 15.2, 18.2)",23.2355
1,"[14  85  97  99]",74,"(9.0, 18.0, 20.1)",19.2105
1,"[14  87  93  98]",75,"(9.0, 18.2, 20.3)",18.5454
1,"[14  87  97  99]",30253,"(1638.0, 8200.0, 8362.0)",20.3573
1,"[14  89  90  98]",76,"(9.0, 18.5, 20.6)",19.2727
1,"[14  91  91  92]",77,"(9.0, 18.7, 20.8)",20.8190
2,"[15  15  15  28]",50,"(11.0, 9.4, 14.5)",8.2316
2,"[15  15  15  32]",4691,"(748.0, 1035.0, 1277.0)",9.7540
5,"[15  15  15  41]",1034,"(160.0, 231.0, 281.0)",34.6592
3,"[15  15  80  99]",14074,"(1220.0, 3621.0, 3821.0)",9.7388
2,"[15  17  17  24]",52,"(11.0, 9.9, 14.8)",7.6419
2,"[15  19  19  19]",54,"(11.0, 10.5, 15.2)",10.5448
2,"[15  24  34  36]",57,"(11.0, 11.5, 15.9)",20.8946
2,"[15  26  28  40]",58,"(11.0, 12.0, 16.2)",20.0702
2,"[15  28  28  36]",60,"(11.0, 12.4, 16.6)",18.6991
3,"[15  29  100  100]",18842,"(1420.0, 4941.0, 5141.0)",18.2073
2,"[15  30  30  31]",61,"(11.0, 12.8, 16.9)",19.2471
2,"[15  30  31  32]",7958,"(990.0, 1904.0, 2146.0)",20.1294
4,"[15  41  41  85]",62,"(10.0, 13.8, 17.0)",24.0171
4,"[15  43  43  80]",63,"(10.0, 14.1, 17.3)",20.7147
5,"[15  45  45  70]",64,"(10.0, 14.5, 17.6)",17.3050
5,"[15  47  47  60]",65,"(10.0, 14.8, 17.9)",17.2343
4,"[15  53  70  74]",68,"(10.0, 15.5, 18.4)",15.5894
4,"[15  56  56  96]",69,"(10.0, 15.8, 18.7)",19.8127
4,"[15  58  58  85]",70,"(10.0, 16.1, 19.0)",12.0241
1,"[15  58  99  99]",24298,"(1620.0, 6461.0, 6661.0)",23.6563
4,"[15  60  60  74]",71,"(10.0, 16.4, 19.2)",12.4344
4,"[15  62  62  63]",72,"(10.0, 16.7, 19.5)",20.5584
1,"[15  66  83  89]",73,"(10.0, 17.0, 19.7)",15.6577
1,"[15  69  73  100]",74,"(10.0, 17.3, 20.0)",19.6470
1,"[15  71  71  100]",75,"(10.0, 17.6, 20.2)",20.6914
1,"[15  73  73  89]",75,"(10.0, 17.9, 20.5)",18.8879
1,"[15  75  75  77]",76,"(10.0, 18.2, 20.7)",24.0285
1,"[15  82  97  98]",78,"(10.0, 18.7, 21.2)",16.8777
1,"[15  84  93  98]",79,"(10.0, 19.0, 21.4)",15.9919
1,"[15  85  97  99]",30438,"(1820.0, 8181.0, 8381.0)",18.5988
1,"[15  87  89  98]",80,"(10.0, 19.2, 21.7)",17.0386
1,"[15  89  89  92]",81,"(10.0, 19.5, 21.9)",18.3762
1,"[15  91  91  91]",82,"(10.0, 19.7, 22.1)",20.4035
3,"[16  16  51  100]",48,"(11.0, 8.8, 14.1)",36.3534
3,"[16  16  58  96]",12053,"(1232.0, 3015.0, 3257.0)",29.5749
3,"[16  18  99  99]",16980,"(1474.0, 4368.0, 4610.0)",14.4896
2,"[16  19  21  21]",57,"(12.0, 11.0, 16.2)",10.3867
5,"[16  22  22  63]",55,"(11.0, 11.0, 15.6)",18.9534
5,"[16  34  34  78]",62,"(11.0, 13.3, 17.2)",17.8442
5,"[16  36  36  73]",64,"(11.0, 13.7, 17.5)",12.9549
5,"[16  38  38  63]",65,"(11.0, 14.1, 17.9)",5.7781
5,"[16  40  40  53]",66,"(11.0, 14.5, 18.2)",10.7212
5,"[16  42  42  43]",67,"(11.0, 14.8, 18.5)",20.3101
4,"[16  46  49  93]",68,"(11.0, 15.2, 18.8)",20.2505
4,"[16  48  55  77]",70,"(11.0, 15.6, 19.1)",10.5020
3,"[16  48  94  100]",22740,"(1716.0, 5963.0, 6205.0)",31.1773
4,"[16  50  58  67]",71,"(11.0, 15.9, 19.3)",14.7635
4,"[16  53  53  72]",72,"(11.0, 16.2, 19.6)",11.9359
4,"[16  55  55  62]",73,"(11.0, 16.6, 19.9)",19.0755
4,"[16  57  57  57]",74,"(11.0, 16.9, 20.2)",23.6252
1,"[16  61  72  93]",75,"(11.0, 17.2, 20.4)",22.8202
1,"[16  63  75  82]",76,"(11.0, 17.5, 20.7)",23.2809
1,"[16  66  66  93]",77,"(11.0, 17.9, 21.0)",25.0492
1,"[16  68  68  82]",78,"(11.0, 18.2, 21.2)",25.8859
4,"[16  70  70  76]",79,"(11.0, 18.5, 21.5)",22.0843
2,"[17  17  17  33]",55,"(12.0, 10.4, 15.9)",11.1991
5,"[17  17  18  99]",53,"(12.0, 9.8, 15.5)",45.8874
5,"[17  17  21  100]",9437,"(1176.0, 2257.0, 2545.0)",45.5746
5,"[17  22  35  55]",59,"(12.0, 11.5, 16.6)",12.4399
5,"[17  24  35  50]",60,"(12.0, 12.0, 17.0)",13.9722
5,"[17  26  35  46]",62,"(12.0, 12.5, 17.3)",16.2378
2,"[17  28  35  41]",63,"(12.0, 13.0, 17.7)",26.2597
2,"[17  30  32  41]",65,"(12.0, 13.4, 18.0)",25.3596
2,"[17  32  32  37]",66,"(12.0, 13.9, 18.3)",24.4531
5,"[17  36  57  60]",67,"(12.0, 14.3, 18.7)",19.9815
5,"[17  39  50  65]",69,"(12.0, 14.7, 19.0)",14.8091
5,"[17  41  44  70]",70,"(12.0, 15.1, 19.3)",14.1656
5,"[17  41  54  60]",14302,"(1464.0, 3577.0, 3865.0)",18.5921
5,"[17  43  44  64]",71,"(12.0, 15.5, 19.6)",12.6161
5,"[17  45  45  59]",72,"(12.0, 15.9, 19.9)",14.4259
5,"[17  47  47  50]",74,"(12.0, 16.2, 20.2)",20.0907
5,"[17  49  49  49]",75,"(12.0, 16.6, 20.5)",22.9986
1,"[17  75  96  98]",80,"(11.0, 18.8, 21.7)",13.1213
1,"[17  77  93  98]",81,"(11.0, 19.1, 22.0)",11.5619
1,"[17  79  89  97]",82,"(11.0, 19.3, 22.2)",10.5148
1,"[17  82  85  97]",83,"(11.0, 19.6, 22.5)",12.1299
1,"[17  84  84  97]",84,"(11.0, 19.9, 22.7)",13.6340
1,"[17  86  86  86]",85,"(11.0, 20.2, 23.0)",16.8672
5,"[18  18  18  43]",59,"(13.0, 10.8, 16.9)",30.0266
5,"[18  18  18  47]",5557,"(888.0, 1225.0, 1513.0)",27.8834
2,"[18  19  19  34]",60,"(13.0, 11.4, 17.3)",12.6685
2,"[18  21  21  26]",62,"(13.0, 12.0, 17.7)",11.1243
2,"[18  23  23  23]",64,"(13.0, 12.5, 18.0)",13.0474
3,"[18  29  100  100]",20162,"(1752.0, 5185.0, 5473.0)",19.4359
4,"[18  54  57  96]",76,"(12.0, 17.0, 20.8)",18.3311
4,"[18  56  56  96]",77,"(12.0, 17.3, 21.1)",18.6117
4,"[18  58  58  85]",78,"(12.0, 17.7, 21.4)",9.9212
4,"[18  60  60  74]",79,"(12.0, 18.0, 21.6)",10.4147
4,"[18  62  62  69]",80,"(12.0, 18.3, 21.9)",14.9246
1,"[18  63  100  100]",27007,"(2040.0, 7081.0, 7369.0)",19.8819
1,"[18  67  88  96]",81,"(12.0, 18.7, 22.2)",11.2504
1,"[18  69  84  96]",82,"(12.0, 19.0, 22.4)",10.4622
1,"[18  72  81  96]",83,"(12.0, 19.3, 22.7)",10.6137
1,"[18  74  77  96]",84,"(12.0, 19.6, 23.0)",13.0972
1,"[18  76  76  96]",85,"(12.0, 19.9, 23.2)",13.9387
1,"[18  78  78  84]",86,"(12.0, 20.2, 23.5)",16.4592
1,"[18  92  98  100]",91,"(12.0, 21.6, 24.7)",22.6485
1,"[18  95  95  100]",92,"(12.0, 21.9, 25.0)",23.8778
1,"[18  95  98  100]",29333,"(1958.0, 7800.0, 8042.0)",25.0203
1,"[18  97  97  97]",93,"(12.0, 22.2, 25.2)",25.8218
5,"[19  19  31  97]",11040,"(1378.0, 2640.0, 2978.0)",39.6042
3,"[19  19  84  95]",57,"(13.0, 10.2, 16.5)",10.9586
3,"[19  19  88  96]",16750,"(1716.0, 4187.0, 4525.0)",10.5375
5,"[19  27  27  76]",65,"(13.0, 13.0, 18.4)",19.6092
5,"[19  29  29  71]",67,"(13.0, 13.5, 18.7)",14.0689
5,"[19  31  31  61]",68,"(13.0, 14.0, 19.1)",6.8915
5,"[19  33  33  52]",70,"(13.0, 14.4, 19.4)",9.7479
5,"[19  35  35  42]",71,"(13.0, 14.9, 19.7)",18.8833
5,"[19  37  37  38]",72,"(13.0, 15.3, 20.1)",22.9775
5,"[19  41  61  67]",74,"(13.0, 15.7, 20.4)",25.9825
4,"[19  44  44  93]",75,"(13.0, 16.1, 20.7)",22.8474
4,"[19  46  46  82]",76,"(13.0, 16.5, 21.0)",15.6218
5,"[19  48  48  71]",78,"(13.0, 16.9, 21.3)",21.3774
5,"[19  50  50  66]",79,"(13.0, 17.3, 21.6)",22.0999
5,"[19  52  52  56]",80,"(13.0, 17.7, 21.9)",24.6163
1,"[19  55  86  88]",23613,"(2054.0, 6072.0, 6410.0)",21.9080
1,"[19  57  72  99]",81,"(13.0, 18.0, 22.2)",24.7513
1,"[19  59  69  99]",82,"(13.0, 18.4, 22.5)",25.4192
1,"[19  61  65  98]",83,"(13.0, 18.7, 22.8)",27.2217
1,"[19  63  72  82]",85,"(13.0, 19.1, 23.1)",23.9321
1,"[19  66  66  87]",86,"(13.0, 19.4, 23.4)",25.1013
4,"[19  68  68  76]",87,"(13.0, 19.7, 23.6)",18.5046
4,"[19  70  70  71]",88,"(13.0, 20.1, 23.9)",22.3763
5,"[20  20  20  43]",64,"(14.0, 11.8, 18.3)",27.9498
5,"[20  20  20  48]",6497,"(1040.0, 1431.0, 1769.0)",25.1207
5,"[20  20  38  99]",62,"(14.0, 11.2, 17.9)",40.7193
3,"[20  20  51  84]",12776,"(1596.0, 3053.0, 3445.0)",39.8140
2,"[20  21  24  30]",65,"(14.0, 12.4, 18.7)",14.3608
2,"[20  23  24  26]",67,"(14.0, 13.0, 19.1)",14.5972
2,"[20  25  25  25]",69,"(14.0, 13.5, 19.4)",15.9486
5,"[20  29  46  58]",70,"(14.0, 14.0, 19.8)",10.3674
5,"[20  31  49  49]",72,"(14.0, 14.5, 20.1)",16.8369
5,"[20  34  34  68]",73,"(14.0, 15.0, 20.5)",8.7953
5,"[20  36  36  58]",75,"(14.0, 15.4, 20.8)",5.1880
5,"[20  38  38  53]",76,"(14.0, 15.9, 21.2)",9.6088
5,"[20  40  40  43]",78,"(14.0, 16.3, 21.5)",19.3361
5,"[20  42  42  43]",79,"(14.0, 16.7, 21.8)",20.5221
1,"[20  77  97  98]",90,"(13.0, 20.7, 24.5)",12.2791
1,"[20  80  93  98]",91,"(13.0, 21.0, 24.7)",10.5522
1,"[20  80  97  99]",31644,"(2392.0, 8295.0, 8633.0)",13.4846
1,"[20  82  89  98]",92,"(13.0, 21.3, 25.0)",10.3070
1,"[20  84  86  98]",93,"(13.0, 21.6, 25.2)",11.7363
1,"[20  86  86  92]",94,"(13.0, 21.9, 25.5)",13.1573
1,"[20  89  89  92]",95,"(13.0, 22.2, 25.7)",15.8758
5,"[21  21  21  53]",67,"(15.0, 12.2, 19.4)",21.9021
5,"[21  21  21  58]",7514,"(1204.0, 1653.0, 2045.0)",20.7258
3,"[21  21  100  100]",19382,"(1988.0, 4845.0, 5237.0)",18.4609
5,"[21  22  22  44]",69,"(15.0, 12.8, 19.7)",25.3298
2,"[21  24  24  40]",70,"(15.0, 13.4, 20.1)",20.7421
2,"[21  26  26  31]",72,"(15.0, 14.0, 20.5)",18.1010
4,"[21  46  69  69]",80,"(14.0, 17.1, 22.1)",16.5352
4,"[21  49  50  95]",81,"(14.0, 17.5, 22.4)",19.0031
4,"[21  51  51  89]",83,"(14.0, 17.9, 22.8)",13.1818
4,"[21  53  53  78]",84,"(14.0, 18.3, 23.1)",6.3084
4,"[21  55  55  73]",85,"(14.0, 18.7, 23.4)",7.6206
4,"[21  57  57  63]",86,"(14.0, 19.1, 23.7)",16.5977
1,"[21  58  99  99]",27338,"(2380.0, 7029.0, 7421.0)",21.5138
1,"[21  62  88  96]",88,"(14.0, 19.4, 24.0)",13.7387
1,"[21  65  84  96]",89,"(14.0, 19.8, 24.2)",11.4596
1,"[21  67  80  95]",90,"(14.0, 20.1, 24.5)",11.6709
1,"[21  69  77  95]",91,"(14.0, 20.5, 24.8)",12.7168
1,"[21  71  73  95]",92,"(14.0, 20.8, 25.1)",15.5113
1,"[21  73  76  84]",93,"(14.0, 21.2, 25.4)",16.2432
1,"[21  76  76  78]",94,"(14.0, 21.5, 25.7)",20.6131
1,"[21  92  98  100]",100,"(14.0, 23.4, 27.2)",21.7616
1,"[21  95  95  100]",101,"(14.0, 23.7, 27.5)",23.0383
1,"[21  97  97  97]",102,"(14.0, 24.0, 27.7)",25.0475
1,"[21  97  99  99]",36644,"(2772.0, 9605.0, 9997.0)",26.1653
3,"[22  22  52  97]",14627,"(1830.0, 3496.0, 3946.0)",37.0894
3,"[22  22  55  97]",3299,"(406.0, 792.0, 890.0)",34.3182
4,"[22  30  32  100]",74,"(15.0, 14.5, 20.9)",41.1578
4,"[22  32  32  95]",75,"(15.0, 15.0, 21.2)",37.6526
5,"[22  34  34  84]",77,"(15.0, 15.5, 21.6)",24.2739
5,"[22  36  37  74]",78,"(15.0, 16.0, 21.9)",14.7395
5,"[22  38  40  64]",80,"(15.0, 16.4, 22.2)",8.4428
1,"[22  38  89  93]",22213,"(2280.0, 5551.0, 6001.0)",36.9563
5,"[22  40  43  54]",81,"(15.0, 16.9, 22.6)",12.3008
5,"[22  42  43  49]",83,"(15.0, 17.3, 22.9)",16.5463
5,"[22  45  45  45]",84,"(15.0, 17.7, 23.2)",21.7331
1,"[22  45  82  93]",4977,"(504.0, 1247.0, 1345.0)",30.4174
4,"[22  49  71  86]",85,"(15.0, 18.2, 23.6)",15.3247
4,"[22  52  61  97]",87,"(15.0, 18.6, 23.9)",18.5551
4,"[22  54  57  97]",88,"(15.0, 19.0, 24.2)",18.3813
4,"[22  56  56  97]",89,"(15.0, 19.4, 24.5)",18.6612
4,"[22  58  58  86]",90,"(15.0, 19.7, 24.8)",8.8473
4,"[22  60  60  75]",92,"(15.0, 20.1, 25.1)",8.1430
4,"[22  62  63  64]",93,"(15.0, 20.5, 25.4)",17.9054
5,"[23  23  23  54]",72,"(16.0, 13.3, 20.8)",19.5262
5,"[23  23  23  59]",9760,"(1568.0, 2145.0, 2657.0)",18.4696
5,"[23  24  24  50]",74,"(16.0, 13.9, 21.2)",20.0754
2,"[23  26  26  41]",76,"(16.0, 14.4, 21.5)",23.9272
2,"[23  28  28  32]",77,"(16.0, 15.0, 21.9)",21.6316
2,"[23  30  30  30]",79,"(16.0, 15.5, 22.3)",23.2434
5,"[23  35  61  61]",80,"(16.0, 16.0, 22.6)",24.5954
5,"[23  37  54  66]",82,"(16.0, 16.5, 23.0)",19.0740
4,"[23  39  48  71]",83,"(16.0, 17.0, 23.3)",19.3837
5,"[23  39  58  61]",16613,"(2080.0, 3969.0, 4481.0)",22.4538
4,"[23  41  41  75]",85,"(16.0, 17.4, 23.7)",21.6800
4,"[23  43  43  71]",86,"(16.0, 17.9, 24.0)",20.1413
5,"[23  45  45  60]",88,"(16.0, 18.3, 24.3)",15.5904
5,"[23  47  47  50]",89,"(16.0, 18.8, 24.7)",20.9909
5,"[23  50  50  50]",90,"(16.0, 19.2, 25.0)",24.5259
1,"[23  68  100  100]",94,"(15.0, 20.9, 25.7)",15.7504
1,"[23  70  97  98]",95,"(15.0, 21.2, 26.0)",11.8145
1,"[23  72  93  98]",96,"(15.0, 21.6, 26.3)",7.9036
1,"[23  73  97  98]",31339,"(2730.0, 8056.0, 8506.0)",10.9837
1,"[23  75  89  98]",97,"(15.0, 21.9, 26.6)",5.0040
1,"[23  75  97  99]",6990,"(602.0, 1800.0, 1898.0)",11.2256
1,"[23  77  85  97]",98,"(15.0, 22.2, 26.8)",5.0917
1,"[23  79  82  97]",100,"(15.0, 22.6, 27.1)",7.8379
1,"[23  81  81  91]",101,"(15.0, 22.9, 27.4)",10.0092
1,"[23  84  84  86]",102,"(15.0, 23.2, 27.7)",13.3832
5,"[24  24  24  65]",75,"(17.0, 13.7, 21.8)",18.0486
5,"[24  24  30  61]",10989,"(1768.0, 2415.0, 2993.0)",13.5164
2,"[24  24  32  46]",77,"(17.0, 14.3, 22.2)",29.5652
2,"[24  26  32  41]",79,"(17.0, 14.9, 22.6)",27.1127
2,"[24  28  29  41]",81,"(17.0, 15.4, 23.0)",26.4317
2,"[24  30  32  32]",82,"(17.0, 16.0, 23.3)",25.3169
1,"[24  44  98  98]",25230,"(2592.0, 6305.0, 6817.0)",32.7601
1,"[24  55  73  99]",92,"(16.0, 19.6, 25.3)",24.7433
1,"[24  57  69  99]",93,"(16.0, 20.0, 25.6)",25.8286
1,"[24  59  65  99]",94,"(16.0, 20.4, 25.9)",27.6043
1,"[24  61  65  93]",96,"(16.0, 20.8, 26.2)",26.1796
4,"[24  63  71  76]",97,"(16.0, 21.2, 26.5)",16.1470
1,"[24  66  66  82]",98,"(16.0, 21.5, 26.8)",26.1616
4,"[24  68  68  71]",99,"(16.0, 21.9, 27.1)",19.2000
4,"[24  70  70  70]",100,"(16.0, 22.3, 27.4)",22.1453
1,"[24  83  98  100]",105,"(16.0, 23.7, 28.6)",14.8661
1,"[24  85  94  99]",106,"(16.0, 24.0, 28.8)",13.3374
1,"[24  85  98  100]",35611,"(3104.0, 9153.0, 9665.0)",16.0740
1,"[24  87  90  99]",107,"(16.0, 24.3, 29.1)",13.5930
1,"[24  89  90  93]",108,"(16.0, 24.7, 29.4)",14.8373
1,"[24  92  92  92]",109,"(16.0, 25.0, 29.7)",18.2879
3,"[25  25  74  95]",18722,"(2346.0, 4472.0, 5050.0)",21.6354
4,"[25  35  49  99]",84,"(17.0, 16.5, 23.7)",28.8520
4,"[25  37  49  93]",85,"(17.0, 17.0, 24.0)",23.5971
4,"[25  39  55  77]",87,"(17.0, 17.5, 24.4)",14.8671
4,"[25  42  42  93]",89,"(17.0, 18.0, 24.7)",24.4655
4,"[25  44  44  88]",90,"(17.0, 18.4, 25.1)",19.4638
4,"[25  46  46  77]",91,"(17.0, 18.9, 25.4)",14.5215
5,"[25  48  48  67]",93,"(17.0, 19.3, 25.7)",21.2153
5,"[25  50  50  62]",94,"(17.0, 19.8, 26.1)",22.8364
5,"[25  52  52  52]",96,"(17.0, 20.2, 26.4)",26.8153
5,"[26  26  26  71]",80,"(18.0, 14.7, 23.2)",19.1618
5,"[26  26  26  77]",12298,"(1980.0, 2701.0, 3349.0)",23.0000
5,"[26  27  27  61]",82,"(18.0, 15.3, 23.6)",14.9365
5,"[26  29  29  57]",84,"(18.0, 15.9, 24.0)",13.3597
5,"[26  31  31  47]",86,"(18.0, 16.4, 24.4)",17.5511
5,"[26  33  33  38]",87,"(18.0, 17.0, 24.7)",24.6489
5,"[26  35  35  37]",89,"(18.0, 17.5, 25.1)",25.3942
1,"[26  53  99  99]",28442,"(2924.0, 7107.0, 7685.0)",25.0752
1,"[26  58  88  96]",97,"(17.0, 20.6, 26.7)",16.7439
1,"[26  60  84  96]",98,"(17.0, 21.0, 27.0)",15.0746
1,"[26  62  80  95]",99,"(17.0, 21.4, 27.3)",14.5647
1,"[26  64  80  90]",101,"(17.0, 21.8, 27.7)",13.6199
1,"[26  67  73  95]",102,"(17.0, 22.2, 28.0)",16.1310
1,"[26  69  70  95]",103,"(17.0, 22.6, 28.3)",18.1029
1,"[26  71  71  89]",104,"(17.0, 23.0, 28.6)",17.4846
1,"[26  73  73  78]",106,"(17.0, 23.3, 28.9)",21.8249
1,"[26  98  99  99]",115,"(17.0, 26.4, 31.4)",26.5455
1,"[26  100  100  100]",40149,"(3502.0, 10320.0, 10898.0)",28.9250
5,"[27  27  42  48]",86,"(19.0, 15.7, 24.7)",17.7681
3,"[27  27  82  97]",20962,"(2628.0, 5005.0, 5653.0)",20.5455
5,"[27  29  36  52]",87,"(19.0, 16.3, 25.0)",13.8235
5,"[27  31  33  52]",89,"(19.0, 16.9, 25.4)",14.0001
5,"[27  33  33  48]",91,"(19.0, 17.4, 25.8)",16.6266
5,"[27  35  35  43]",92,"(19.0, 18.0, 26.2)",20.4416
5,"[27  37  37  37]",94,"(19.0, 18.5, 26.5)",25.9095
4,"[27  40  57  95]",91,"(18.0, 18.0, 25.5)",21.2092
4,"[27  42  53  95]",92,"(18.0, 18.5, 25.8)",20.6740
4,"[27  44  56  84]",94,"(18.0, 19.0, 26.2)",11.3008
4,"[27  46  59  73]",95,"(18.0, 19.4, 26.5)",9.7982
4,"[27  49  49  84]",96,"(18.0, 19.9, 26.8)",11.8932
4,"[27  51  51  79]",98,"(18.0, 20.3, 27.2)",8.2296
4,"[27  53  53  68]",99,"(18.0, 20.8, 27.5)",12.4000
5,"[27  55  55  57]",101,"(18.0, 21.2, 27.8)",30.2679
5,"[27  57  57  57]",102,"(18.0, 21.6, 28.1)",32.9153
1,"[27  63  96  98]",103,"(18.0, 22.0, 28.5)",15.0545
1,"[27  63  100  100]",31850,"(3276.0, 7957.0, 8605.0)",18.1968
1,"[27  65  92  97]",105,"(18.0, 22.4, 28.8)",11.1141
1,"[27  67  89  97]",106,"(18.0, 22.8, 29.1)",8.3084
1,"[27  70  85  97]",107,"(18.0, 23.2, 29.4)",5.7967
1,"[27  72  81  97]",108,"(18.0, 23.6, 29.7)",7.2448
1,"[27  74  78  97]",110,"(18.0, 24.0, 30.0)",9.5914
1,"[27  76  81  85]",111,"(18.0, 24.4, 30.3)",11.4557
1,"[27  79  79  85]",112,"(18.0, 24.7, 30.6)",13.3060
1,"[28  38  82  87]",23317,"(2926.0, 5568.0, 6290.0)",37.8238
4,"[28  43  64  97]",96,"(19.0, 19.0, 26.9)",21.9991
4,"[28  45  61  97]",97,"(19.0, 19.5, 27.2)",20.5379
4,"[28  47  57  97]",99,"(19.0, 20.0, 27.6)",19.6821
4,"[28  49  54  96]",100,"(19.0, 20.4, 27.9)",18.6509
4,"[28  51  60  80]",102,"(19.0, 20.9, 28.2)",4.9056
4,"[28  54  54  85]",103,"(19.0, 21.4, 28.6)",8.5035
4,"[28  56  56  74]",104,"(19.0, 21.8, 28.9)",7.0953
4,"[28  58  58  69]",106,"(19.0, 22.2, 29.2)",11.5162
5,"[28  60  60  60]",107,"(19.0, 22.6, 29.6)",37.0594
4,"[29  29  29  84]",89,"(20.0, 16.1, 25.7)",38.7970
4,"[29  29  29  89]",15131,"(2440.0, 3321.0, 4121.0)",39.7753
5,"[29  29  46  49]",91,"(20.0, 16.7, 26.1)",19.2409
5,"[29  32  32  68]",92,"(20.0, 17.3, 26.5)",15.1842
5,"[29  34  34  58]",94,"(20.0, 17.9, 26.8)",12.8108
5,"[29  36  36  48]",96,"(20.0, 18.4, 27.2)",17.7109
5,"[29  38  38  44]",97,"(20.0, 19.0, 27.6)",21.0964
1,"[29  73  97  99]",112,"(19.0, 24.3, 30.8)",11.3078
1,"[29  75  94  99]",113,"(19.0, 24.7, 31.1)",8.6818
1,"[29  75  98  99]",35447,"(3648.0, 8855.0, 9577.0)",12.0773
1,"[29  77  93  93]",115,"(19.0, 25.0, 31.4)",7.0798
1,"[29  80  86  99]",116,"(19.0, 25.4, 31.7)",7.6701
1,"[29  82  82  98]",117,"(19.0, 25.8, 32.0)",10.0854
1,"[29  84  84  93]",118,"(19.0, 26.2, 32.3)",10.4083
1,"[30  32  98  100]",25805,"(3240.0, 6161.0, 6961.0)",44.5220
1,"[30  43  76  99]",99,"(20.0, 19.5, 27.9)",34.1040
1,"[30  45  72  99]",101,"(20.0, 20.0, 28.3)",33.8521
1,"[30  48  69  99]",102,"(20.0, 20.5, 28.6)",32.8201
4,"[30  52  61  98]",105,"(20.0, 21.4, 29.3)",20.2634
4,"[30  54  58  98]",107,"(20.0, 21.9, 29.7)",20.0611
4,"[30  56  64  81]",108,"(20.0, 22.4, 30.0)",8.7911
4,"[30  58  67  70]",109,"(20.0, 22.8, 30.3)",14.4076
4,"[30  61  61  76]",111,"(20.0, 23.2, 30.7)",10.3535
4,"[30  63  63  70]",112,"(20.0, 23.7, 31.0)",15.0366
4,"[31  31  31  85]",94,"(21.0, 17.1, 27.1)",36.5097
4,"[31  31  31  96]",16652,"(2688.0, 3655.0, 4537.0)",39.8757
4,"[31  31  32  96]",3898,"(620.0, 861.0, 1061.0)",39.1961
4,"[31  32  32  79]",96,"(21.0, 17.7, 27.5)",34.6019
5,"[31  34  34  69]",98,"(21.0, 18.3, 27.9)",16.7966
5,"[31  36  36  64]",99,"(21.0, 18.9, 28.2)",14.8842
5,"[31  38  38  54]",101,"(21.0, 19.4, 28.6)",16.3431
5,"[31  40  40  44]",103,"(21.0, 20.0, 29.0)",22.9925
1,"[31  83  98  100]",121,"(20.0, 26.5, 33.2)",15.5272
1,"[31  85  95  100]",122,"(20.0, 26.8, 33.5)",14.9198
1,"[31  87  94  94]",123,"(20.0, 27.2, 33.8)",14.9450
1,"[31  88  99  99]",39242,"(4040.0, 9801.0, 10601.0)",19.0302
1,"[31  90  90  100]",125,"(20.0, 27.6, 34.1)",17.2605
1,"[31  92  92  92]",126,"(20.0, 27.9, 34.4)",18.8293
4,"[32  32  38  81]",99,"(22.0, 18.2, 28.5)",30.5977
4,"[32  32  38  86]",97,"(22.0, 17.5, 28.1)",31.3543
5,"[32  32  48  71]",18254,"(2948.0, 4005.0, 4973.0)",21.2956
5,"[32  34  44  65]",101,"(22.0, 18.8, 28.9)",17.1498
5,"[32  36  47  55]",103,"(22.0, 19.3, 29.3)",19.0301
5,"[32  39  39  65]",104,"(22.0, 19.9, 29.7)",16.9581
5,"[32  41  41  55]",106,"(22.0, 20.4, 30.0)",18.3613
1,"[32  41  99  99]",28424,"(3570.0, 6784.0, 7666.0)",36.4383
5,"[32  43  43  50]",108,"(22.0, 21.0, 30.4)",21.7382
1,"[32  46  87  95]",104,"(21.0, 20.5, 29.3)",29.2698
1,"[32  48  80  100]",106,"(21.0, 21.0, 29.7)",28.7705
1,"[32  50  77  100]",107,"(21.0, 21.5, 30.0)",27.8792
1,"[32  52  83  83]",109,"(21.0, 22.0, 30.4)",26.4264
1,"[32  55  69  100]",110,"(21.0, 22.4, 30.7)",27.9769
1,"[32  57  66  100]",112,"(21.0, 22.9, 31.1)",28.7439
1,"[32  59  65  94]",113,"(21.0, 23.4, 31.4)",27.8022
1,"[32  61  72  77]",115,"(21.0, 23.8, 31.7)",27.5444
1,"[32  64  64  88]",116,"(21.0, 24.2, 32.1)",26.9959
4,"[32  66  66  77]",117,"(21.0, 24.7, 32.4)",16.8129
4,"[32  68  68  68]",119,"(21.0, 25.1, 32.7)",22.0331
1,"[32  95  99  99]",131,"(21.0, 29.0, 35.8)",24.6744
1,"[32  98  98  98]",132,"(21.0, 29.3, 36.1)",26.6320
1,"[32  98  99  99]",43220,"(4452.0, 10795.0, 11677.0)",27.2008
1,"[33  48  95  96]",109,"(22.0, 21.5, 30.8)",28.6695
1,"[33  51  92  96]",111,"(22.0, 22.0, 31.1)",25.1622
1,"[33  53  88  96]",112,"(22.0, 22.5, 31.5)",22.8039
1,"[33  55  84  96]",114,"(22.0, 23.0, 31.8)",21.1401
1,"[33  58  81  96]",115,"(22.0, 23.5, 32.2)",19.1337
1,"[33  60  77  96]",117,"(22.0, 23.9, 32.5)",19.2090
1,"[33  62  73  95]",118,"(22.0, 24.4, 32.8)",20.2453
1,"[33  64  73  90]",120,"(22.0, 24.8, 33.2)",19.5766
1,"[33  66  76  78]",121,"(22.0, 25.3, 33.5)",22.8141
1,"[33  69  69  84]",122,"(22.0, 25.7, 33.8)",22.8296
1,"[33  71  71  78]",124,"(22.0, 26.1, 34.1)",24.4091
4,"[34  34  36  98]",102,"(23.0, 18.6, 29.6)",36.5912
4,"[34  35  35  92]",104,"(23.0, 19.2, 29.9)",33.9518
4,"[34  37  37  87]",106,"(23.0, 19.8, 30.3)",29.7826
4,"[34  39  39  76]",108,"(23.0, 20.3, 30.7)",26.1733
5,"[34  41  41  66]",109,"(23.0, 20.9, 31.1)",20.0286
5,"[34  43  43  61]",111,"(23.0, 21.4, 31.4)",20.6533
5,"[34  45  45  51]",113,"(23.0, 22.0, 31.8)",24.2511
5,"[35  39  58  58]",111,"(24.0, 20.8, 31.7)",28.2882
5,"[35  41  55  57]",113,"(24.0, 21.4, 32.1)",26.8173
5,"[35  44  48  62]",114,"(24.0, 21.9, 32.5)",23.8162
5,"[35  46  46  62]",116,"(24.0, 22.4, 32.9)",24.0125
5,"[35  46  52  57]",21674,"(3504.0, 4753.0, 5905.0)",26.9735
5,"[35  48  48  51]",118,"(24.0, 23.0, 33.2)",27.5714
5,"[35  50  50  50]",119,"(24.0, 23.5, 33.6)",29.8577
1,"[35  54  100  100]",116,"(23.0, 23.0, 32.5)",26.4747
1,"[35  56  96  98]",117,"(23.0, 23.5, 32.9)",22.7551
1,"[35  56  100  100]",31160,"(3916.0, 7437.0, 8405.0)",24.9456
1,"[35  58  93  98]",119,"(23.0, 24.0, 33.2)",20.0824
1,"[35  60  89  97]",120,"(23.0, 24.5, 33.6)",17.4410
1,"[35  63  85  97]",122,"(23.0, 24.9, 33.9)",15.0586
1,"[35  65  81  97]",123,"(23.0, 25.4, 34.2)",14.7528
1,"[35  67  78  97]",125,"(23.0, 25.8, 34.6)",15.1378
1,"[35  69  81  85]",126,"(23.0, 26.3, 34.9)",15.5046
1,"[35  72  72  97]",127,"(23.0, 26.7, 35.2)",17.9960
1,"[35  74  74  85]",129,"(23.0, 27.1, 35.6)",18.5600
1,"[35  76  76  79]",130,"(23.0, 27.5, 35.9)",21.1445
4,"[36  36  39  99]",107,"(24.0, 19.6, 31.0)",34.9705
4,"[36  37  42  88]",109,"(24.0, 20.2, 31.4)",27.5485
4,"[37  37  50  95]",111,"(25.0, 20.0, 32.0)",27.6268
4,"[37  38  43  100]",113,"(25.0, 20.6, 32.4)",32.9332
4,"[37  40  40  100]",114,"(25.0, 21.2, 32.8)",33.5922
4,"[37  42  42  95]",116,"(25.0, 21.8, 33.2)",28.6831
4,"[37  44  44  84]",118,"(25.0, 22.4, 33.5)",22.0171
4,"[37  46  46  73]",120,"(25.0, 22.9, 33.9)",20.1193
5,"[37  48  49  63]",121,"(25.0, 23.5, 34.3)",27.8323
5,"[37  50  52  52]",123,"(25.0, 24.0, 34.6)",31.3798
1,"[37  63  97  99]",125,"(24.0, 25.5, 35.0)",19.2864
1,"[37  66  94  99]",127,"(24.0, 25.9, 35.3)",16.1604
1,"[37  66  97  99]",34031,"(4278.0, 8120.0, 9178.0)",17.6359
1,"[37  68  90  99]",128,"(24.0, 26.4, 35.7)",13.8580
1,"[37  70  86  98]",130,"(24.0, 26.8, 36.0)",12.4471
1,"[37  72  86  92]",131,"(24.0, 27.3, 36.3)",11.5889
1,"[37  75  78  98]",133,"(24.0, 27.7, 36.7)",14.7101
1,"[37  77  77  98]",134,"(24.0, 28.1, 37.0)",15.5287
1,"[37  79  79  86]",135,"(24.0, 28.6, 37.3)",16.6660
1,"[38  71  98  100]",133,"(25.0, 27.4, 37.1)",17.4055
1,"[38  73  94  100]",135,"(25.0, 27.8, 37.4)",14.8941
1,"[38  73  98  100]",37019,"(4656.0, 8833.0, 9985.0)",17.0975
1,"[38  75  90  99]",136,"(25.0, 28.3, 37.7)",13.0660
1,"[38  78  87  99]",138,"(25.0, 28.7, 38.1)",13.1877
1,"[38  80  83  99]",139,"(25.0, 29.2, 38.4)",14.4499
1,"[38  82  82  99]",140,"(25.0, 29.6, 38.7)",15.6062
1,"[38  85  85  88]",142,"(25.0, 30.0, 39.1)",17.2185
4,"[39  39  54  97]",116,"(26.0, 21.0, 33.4)",27.8369
4,"[39  39  57  97]",25391,"(4108.0, 5565.0, 6917.0)",27.5259
4,"[39  40  50  96]",118,"(26.0, 21.6, 33.8)",27.6186
4,"[39  42  50  91]",119,"(26.0, 22.2, 34.2)",23.8022
4,"[39  44  56  74]",121,"(26.0, 22.8, 34.6)",18.3133
4,"[39  47  47  85]",123,"(26.0, 23.4, 35.0)",20.6660
4,"[39  49  49  80]",125,"(26.0, 23.9, 35.3)",18.0931
4,"[39  51  51  69]",126,"(26.0, 24.5, 35.7)",19.3751
5,"[39  53  53  58]",128,"(26.0, 25.0, 36.1)",33.8350
5,"[39  55  55  55]",129,"(26.0, 25.5, 36.4)",36.3341
4,"[40  40  71  76]",121,"(27.0, 22.0, 34.9)",24.4009
4,"[40  43  67  76]",123,"(27.0, 22.6, 35.2)",20.9595
4,"[40  45  61  81]",125,"(27.0, 23.2, 35.6)",18.1997
4,"[40  47  54  86]",126,"(27.0, 23.8, 36.0)",18.9974
4,"[40  49  50  86]",128,"(27.0, 24.4, 36.4)",19.7606
4,"[40  51  53  75]",130,"(27.0, 24.9, 36.7)",17.2852
4,"[40  54  54  70]",131,"(27.0, 25.5, 37.1)",18.6309
5,"[40  56  56  59]",133,"(27.0, 26.0, 37.5)",37.6676
5,"[40  58  58  58]",135,"(27.0, 26.5, 37.8)",39.9768
1,"[40  81  99  99]",143,"(26.0, 29.7, 39.5)",19.8539
1,"[40  83  95  95]",144,"(26.0, 30.2, 39.8)",18.0295
1,"[40  83  99  99]",43382,"(5460.0, 10349.0, 11701.0)",20.5804
1,"[40  85  87  100]",145,"(26.0, 30.6, 40.1)",18.2061
1,"[40  88  88  95]",147,"(26.0, 31.0, 40.5)",19.3169
1,"[40  90  90  90]",148,"(26.0, 31.4, 40.8)",21.3954
4,"[42  42  65  99]",124,"(28.0, 22.4, 35.9)",29.9550
4,"[42  42  69  100]",29396,"(4760.0, 6441.0, 8009.0)",31.7446
4,"[42  43  62  99]",126,"(28.0, 23.1, 36.3)",29.0660
4,"[42  45  58  98]",128,"(28.0, 23.7, 36.7)",27.4780
4,"[42  47  61  87]",130,"(28.0, 24.2, 37.0)",20.7686
4,"[42  50  51  98]",131,"(28.0, 24.8, 37.4)",27.4003
4,"[42  52  52  93]",133,"(28.0, 25.4, 37.8)",23.6811
4,"[42  54  54  81]",135,"(28.0, 25.9, 38.2)",18.4785
4,"[42  56  56  76]",136,"(28.0, 26.5, 38.5)",18.3776
4,"[42  58  58  65]",138,"(28.0, 27.0, 38.9)",23.0167
1,"[42  88  99  99]",151,"(27.0, 31.6, 41.6)",24.3254
1,"[42  91  95  96]",152,"(27.0, 32.0, 41.9)",24.1723
1,"[42  93  93  96]",153,"(27.0, 32.4, 42.2)",25.0285
1,"[43  96  100  100]",158,"(28.0, 33.5, 43.6)",30.6057
1,"[43  98  98  98]",160,"(28.0, 33.9, 44.0)",30.9974
1,"[43  99  100  100]",50249,"(6328.0, 11985.0, 13553.0)",32.7684
4,"[44  44  69  100]",129,"(29.0, 23.5, 37.3)",32.2735
4,"[44  44  77  95]",31502,"(5104.0, 6903.0, 8585.0)",32.9969
4,"[44  45  79  79]",131,"(29.0, 24.1, 37.7)",29.7934
4,"[44  48  62  100]",133,"(29.0, 24.7, 38.1)",29.7154
4,"[44  50  59  100]",135,"(29.0, 25.3, 38.5)",29.2036
4,"[44  52  55  99]",136,"(29.0, 25.8, 38.8)",28.5141
4,"[44  54  65  77]",138,"(29.0, 26.4, 39.2)",20.9777
4,"[44  57  57  88]",140,"(29.0, 26.9, 39.6)",22.1818
4,"[44  59  59  77]",141,"(29.0, 27.5, 39.9)",20.6897
4,"[44  61  61  66]",143,"(29.0, 28.0, 40.3)",24.9419
4,"[44  63  63  63]",145,"(29.0, 28.5, 40.7)",27.5159
4,"[45  46  80  90]",134,"(30.0, 24.5, 38.7)",32.8626
4,"[45  48  73  95]",136,"(30.0, 25.1, 39.1)",30.6206
4,"[45  48  84  84]",33689,"(5460.0, 7381.0, 9181.0)",33.8434
4,"[45  50  70  95]",138,"(30.0, 25.7, 39.5)",29.0080
4,"[45  53  66  95]",140,"(30.0, 26.3, 39.9)",27.4474
4,"[45  55  59  100]",141,"(30.0, 26.8, 40.2)",29.7495
4,"[45  57  57  100]",143,"(30.0, 27.4, 40.6)",29.9522
4,"[45  59  59  89]",145,"(30.0, 27.9, 41.0)",23.8573
4,"[45  61  65  72]",146,"(30.0, 28.5, 41.4)",24.1248
4,"[45  64  64  72]",148,"(30.0, 29.0, 41.7)",24.9937
4,"[45  66  66  66]",150,"(30.0, 29.5, 42.1)",28.5585
4,"[47  47  85  97]",138,"(31.0, 24.9, 39.8)",40.0053
1,"[47  47  89  97]",35948,"(5828.0, 7875.0, 9797.0)",34.8240
1,"[47  47  93  98]",8595,"(1380.0, 1891.0, 2341.0)",35.3440
4,"[47  48  81  96]",140,"(31.0, 25.5, 40.1)",36.8282
4,"[47  51  77  96]",141,"(31.0, 26.1, 40.5)",34.1791
4,"[47  53  74  96]",143,"(31.0, 26.7, 40.9)",32.5585
4,"[47  55  70  96]",145,"(31.0, 27.3, 41.3)",30.8810
4,"[47  57  73  84]",147,"(31.0, 27.8, 41.7)",27.8309
4,"[47  60  63  96]",148,"(31.0, 28.4, 42.0)",29.6880
4,"[47  62  62  96]",150,"(31.0, 28.9, 42.4)",30.0623
4,"[47  64  64  84]",152,"(31.0, 29.5, 42.8)",26.3136
4,"[47  66  66  73]",153,"(31.0, 30.0, 43.1)",27.7928
1,"[49  49  89  98]",143,"(32.0, 25.9, 41.2)",34.6385
1,"[49  49  93  98]",38288,"(6208.0, 8385.0, 10433.0)",35.0758
4,"[49  51  85  97]",145,"(32.0, 26.5, 41.6)",40.7542
4,"[49  53  82  97]",146,"(32.0, 27.1, 42.0)",38.7911
4,"[49  56  78  97]",148,"(32.0, 27.7, 42.3)",36.5875
1,"[49  58  74  97]",150,"(32.0, 28.3, 42.7)",31.3636
1,"[49  60  71  97]",152,"(32.0, 28.8, 43.1)",31.7677
4,"[49  62  74  85]",153,"(32.0, 29.4, 43.5)",31.1929
4,"[49  65  65  97]",155,"(32.0, 29.9, 43.8)",33.5570
4,"[49  67  67  85]",157,"(32.0, 30.5, 44.2)",30.2446
1,"[49  69  69  79]",158,"(32.0, 31.0, 44.5)",33.6024
1,"[49  71  71  71]",160,"(32.0, 31.5, 44.9)",36.7932
1,"[50  51  93  98]",148,"(33.0, 26.9, 42.6)",34.3301
1,"[50  54  90  98]",150,"(33.0, 27.5, 43.0)",31.9335
1,"[50  56  86  98]",152,"(33.0, 28.1, 43.4)",30.5718
1,"[50  56  93  93]",40691,"(6600.0, 8911.0, 11089.0)",30.9353
1,"[50  58  82  98]",153,"(33.0, 28.7, 43.7)",29.8249
1,"[50  60  85  86]",155,"(33.0, 29.3, 44.1)",29.4068
1,"[50  63  75  98]",157,"(33.0, 29.8, 44.5)",29.4890
1,"[50  65  71  98]",158,"(33.0, 30.4, 44.9)",30.6674
1,"[50  67  71  92]",160,"(33.0, 30.9, 45.2)",29.9977
1,"[50  70  70  92]",162,"(33.0, 31.5, 45.6)",29.9382
1,"[50  72  72  80]",163,"(33.0, 32.0, 46.0)",31.9518
1,"[51  51  97  99]",146,"(33.0, 26.3, 42.2)",36.0266
1,"[51  74  74  74]",165,"(33.0, 32.5, 46.3)",34.8770
1,"[52  54  98  100]",153,"(34.0, 28.0, 44.0)",35.3053
1,"[52  56  94  99]",155,"(34.0, 28.6, 44.4)",32.9750
1,"[52  56  98  100]",43175,"(7004.0, 9453.0, 11765.0)",34.1737
1,"[52  59  90  99]",157,"(34.0, 29.2, 44.8)",30.7559
1,"[52  61  86  99]",158,"(34.0, 29.7, 45.2)",29.6785
1,"[52  63  83  99]",160,"(34.0, 30.3, 45.5)",29.0915
1,"[52  65  86  87]",162,"(34.0, 30.9, 45.9)",28.6977
1,"[52  68  75  99]",163,"(34.0, 31.4, 46.3)",29.7620
1,"[52  70  71  98]",165,"(34.0, 31.9, 46.6)",31.1233
1,"[52  72  75  87]",167,"(34.0, 32.5, 47.0)",29.7409
1,"[52  75  75  81]",168,"(34.0, 33.0, 47.4)",31.6794
1,"[52  77  77  77]",170,"(34.0, 33.5, 47.7)",32.9879
1,"[54  59  98  100]",160,"(35.0, 29.6, 45.8)",34.2439
1,"[54  61  94  100]",162,"(35.0, 30.2, 46.2)",32.3037
1,"[54  64  91  100]",163,"(35.0, 30.7, 46.6)",30.6386
1,"[54  64  99  99]",45722,"(7420.0, 10011.0, 12461.0)",32.4607
1,"[54  66  87  100]",165,"(35.0, 31.3, 47.0)",29.7591
1,"[54  68  83  100]",167,"(35.0, 31.9, 47.3)",29.5380
1,"[54  71  79  100]",169,"(35.0, 32.4, 47.7)",29.8507
1,"[54  73  76  99]",170,"(35.0, 32.9, 48.1)",30.4725
1,"[54  75  75  93]",172,"(35.0, 33.5, 48.4)",30.5176
1,"[54  77  79  82]",173,"(35.0, 34.0, 48.8)",31.7677
1,"[54  80  80  80]",175,"(35.0, 34.5, 49.1)",32.7241
1,"[55  66  99  99]",169,"(36.0, 31.7, 48.0)",32.7405
1,"[55  69  95  95]",170,"(36.0, 32.3, 48.4)",30.5043
1,"[55  71  91  95]",172,"(36.0, 32.9, 48.7)",29.4176
1,"[55  71  95  95]",48350,"(7848.0, 10585.0, 13177.0)",30.1974
1,"[55  73  84  100]",174,"(36.0, 33.4, 49.1)",29.6718
1,"[55  76  80  100]",175,"(36.0, 33.9, 49.5)",30.3478
1,"[55  78  78  100]",177,"(36.0, 34.5, 49.8)",31.0342
1,"[55  80  80  88]",178,"(36.0, 35.0, 50.2)",30.9796
1,"[55  82  82  82]",180,"(36.0, 35.5, 50.6)",32.7773
1,"[57  71  99  99]",175,"(37.0, 33.3, 49.8)",33.6172
1,"[57  74  95  96]",177,"(37.0, 33.9, 50.2)",31.9482
1,"[57  76  91  95]",179,"(37.0, 34.4, 50.5)",31.2021
1,"[57  78  88  95]",180,"(37.0, 34.9, 50.9)",31.1300
1,"[57  81  84  95]",182,"(37.0, 35.5, 51.3)",31.7435
1,"[57  83  83  95]",184,"(37.0, 36.0, 51.6)",32.3172
1,"[57  85  85  85]",185,"(37.0, 36.5, 52.0)",34.0444
1,"[59  77  100  100]",182,"(38.0, 34.9, 51.6)",35.8413
1,"[59  79  96  96]",184,"(38.0, 35.4, 51.9)",34.4018
1,"[59  79  100  100]",53822,"(8740.0, 11781.0, 14669.0)",36.0274
1,"[59  81  92  96]",185,"(38.0, 35.9, 52.3)",33.9171
1,"[59  83  88  96]",187,"(38.0, 36.5, 52.7)",34.0184
1,"[59  86  86  96]",189,"(38.0, 37.0, 53.0)",34.8865
1,"[59  88  88  88]",190,"(38.0, 37.5, 53.4)",36.1343
1,"[60  82  100  100]",189,"(39.0, 36.4, 53.4)",37.4152
1,"[60  84  96  97]",190,"(39.0, 36.9, 53.7)",36.3701
1,"[60  86  92  97]",192,"(39.0, 37.5, 54.1)",36.1894
1,"[60  86  96  97]",56666,"(9204.0, 12403.0, 15445.0)",36.9345
1,"[60  89  89  97]",194,"(39.0, 38.0, 54.4)",36.9711
1,"[60  89  97  97]",13679,"(2204.0, 3003.0, 3725.0)",38.2079
1,"[60  91  91  91]",195,"(39.0, 38.5, 54.8)",38.0195
1,"[62  89  97  98]",197,"(40.0, 38.5, 55.5)",40.0697
1,"[62  91  93  97]",199,"(40.0, 39.0, 55.9)",39.9808
1,"[62  92  97  98]",59591,"(9680.0, 13041.0, 16241.0)",41.2388
1,"[62  94  94  94]",200,"(40.0, 39.5, 56.2)",41.3781
1,"[64  94  97  98]",204,"(41.0, 40.0, 57.3)",43.8378
1,"[64  97  97  97]",205,"(41.0, 40.5, 57.6)",45.1754
1,"[65  99  99  99]",210,"(42.0, 41.5, 59.0)",47.6267
1,"[75  75  75  75]",208,"(40.0, 42.0, 58.0)",54.0704
